cohort_type,users,retention_7d,retention_30d,retention_60d,retention_90d,avg_future_handle_30d,avg_future_handle_60d,avg_future_net_profit_30d,avg_future_net_profit_60d,avg_lifetime_handle,avg_lifetime_net_profit
control,907.0,0.7188533627342889,0.9029768467475193,0.9084895259095921,0.9084895259095921,644.3018522206365,1072.0436295512266,-3.8874350005793623,18.756114126851287,22951.473394278586,421.1859915366811
promo,667.0,0.7211394302848576,0.8950524737631185,0.9100449775112444,0.9100449775112444,544.3851197004354,938.4312869190318,21.88570310505134,29.14507163058507,19559.416076069727,551.9077056446972
