cohort_type,users,avg_weekly_handle_pre_4w,avg_weekly_handle_post_4w,avg_handle_delta_4w,avg_lifetime_net_profit,total_lifetime_net_profit,total_promo_cost_since_anchor
control,659,81.13642052542471,96.5900985198367,15.453677994411825,330.76958341998187,217977.15547376804,0.0
promo,667,100.73608796384109,127.50916350735413,26.77307554351298,551.9077056446971,368122.43966501293,18125.932975361407
