segment,users,retention_7d,retention_30d,retention_90d
sharp,212,0.7924528301886793,0.9481132075471698,0.9481132075471698
regular,495,0.3595959595959596,0.694949494949495,0.7111111111111111
casual,729,0.16598079561042525,0.3374485596707819,0.3443072702331962
promo_hunter,164,0.12804878048780488,0.25609756097560976,0.25609756097560976
