segment,users,still_active_7d,still_active_30d,still_active_60d,still_active_90d
sharp,212,0.7924528301886793,0.6509433962264151,0.44339622641509435,0.22641509433962265
regular,495,0.3595959595959596,0.19797979797979798,0.046464646464646465,0.014141414141414142
casual,729,0.16598079561042525,0.037037037037037035,0.0013717421124828531,0.0
promo_hunter,164,0.12804878048780488,0.018292682926829267,0.0,0.0
